stat,scale,bin,snr,frac_diff,band,n_realizations,n_seeds
peaks,1,1,-0.9999999999999999,0.0,6.244997998398391,200,1
peaks,1,1,-0.5999999999999999,0.008264462809917356,0.49570470135974637,200,1
peaks,1,1,-0.19999999999999996,-0.0043724844493230886,0.05885323132202511,200,1
peaks,1,1,0.20000000000000018,-0.0004489121567051897,0.015602938199072963,200,1
peaks,1,1,0.6000000000000003,0.0019644344051954793,0.005638721779510542,200,1
peaks,1,1,1.0000000000000002,0.003247307994480646,0.0032872971781619546,200,1
peaks,1,1,1.4000000000000001,0.003097533902645506,0.0027259260246659937,200,1
peaks,1,1,1.8,0.0012581455572056102,0.003343308664092096,200,1
peaks,1,1,2.2,-0.0025774592653649655,0.004608042712410059,200,1
peaks,1,1,2.6000000000000005,-0.009103839792893685,0.0072231448980379625,200,1
peaks,1,1,3.0000000000000004,-0.020799765754922702,0.013239158216135668,200,1
peaks,1,1,3.4000000000000004,-0.04105716985276798,0.024526895596904744,200,1
peaks,1,1,3.8000000000000003,-0.0840932406246438,0.04155639433555604,200,1
peaks,1,1,4.2,-0.1603889493453154,0.07001479513486446,200,1
peaks,1,1,4.6000000000000005,-0.2649780245200093,0.1301667988688551,200,1
peaks,1,1,5.0,-0.35623486682808714,0.1958845161261906,200,1
peaks,1,1,5.4,-0.4724458204334366,0.2813735662478488,200,1
peaks,1,1,5.800000000000001,-0.5334928229665072,0.32692943465828805,200,1
peaks,1,1,6.2,-0.489841986455982,0.45887822549174234,200,1
peaks,1,1,6.6000000000000005,-0.52,0.5878775382679622,200,1
peaks,1,1,7.000000000000001,-0.5686274509803921,0.8069712070091847,200,1
peaks,1,1,7.400000000000001,-0.32432432432432434,1.2604566287957857,200,1
peaks,1,1,7.800000000000001,-0.4,1.4437605218471825,200,1
peaks,1,1,8.2,-0.33333333333333337,2.000000000000001,200,1
peaks,1,1,8.600000000000001,-0.6363636363636364,1.4393141923682324,200,1
peaks,1,1,9.0,-0.6956521739130435,1.5980848651729638,200,1
peaks,1,1,9.400000000000002,-0.5555555555555556,3.1111111111111085,200,1
peaks,1,1,9.8,-0.6666666666666666,2.701165729142935,200,1
peaks,1,2,-0.9999999999999999,0.16666666666666669,6.125991983163027,200,1
peaks,1,2,-0.5999999999999999,-0.01464605370219691,0.3996758242028608,200,1
peaks,1,2,-0.19999999999999996,-0.0067425925346516055,0.057299836739011574,200,1
peaks,1,2,0.20000000000000018,-0.001377736765054252,0.013683645687304341,200,1
peaks,1,2,0.6000000000000003,0.00412078108445765,0.0055099554760916665,200,1
peaks,1,2,1.0000000000000002,0.006708992082101495,0.0037012988354237415,200,1
peaks,1,2,1.4000000000000001,0.006477331082989434,0.0028908250440768547,200,1
peaks,1,2,1.8,0.003363303797911714,0.0032675073929524074,200,1
peaks,1,2,2.2,-0.003688193580974712,0.004350077192693809,200,1
peaks,1,2,2.6000000000000005,-0.01675036711580118,0.006777702427472051,200,1
peaks,1,2,3.0000000000000004,-0.03783947515792889,0.011064194188699967,200,1
peaks,1,2,3.4000000000000004,-0.07623177429909635,0.01718997317968292,200,1
peaks,1,2,3.8000000000000003,-0.13299566684743408,0.030126120631351436,200,1
peaks,1,2,4.2,-0.20263270243347087,0.04967931321007854,200,1
peaks,1,2,4.6000000000000005,-0.27837266177539827,0.06833558051940607,200,1
peaks,1,2,5.0,-0.3153439869989166,0.09524059211020058,200,1
peaks,1,2,5.4,-0.35435025443713547,0.13852087901846297,200,1
peaks,1,2,5.800000000000001,-0.4031203879401223,0.16751117575139096,200,1
peaks,1,2,6.2,-0.38635547576301615,0.20624264232545222,200,1
peaks,1,2,6.6000000000000005,-0.39570017431725735,0.27179582948347486,200,1
peaks,1,2,7.000000000000001,-0.3940520446096655,0.36292505788712937,200,1
peaks,1,2,7.400000000000001,-0.4246196403872752,0.4341869799885683,200,1
peaks,1,2,7.800000000000001,-0.4345991561181434,0.5140757606925916,200,1
peaks,1,2,8.2,-0.3959044368600682,0.6373303210637415,200,1
peaks,1,2,8.600000000000001,-0.41791044776119407,0.8039252973785888,200,1
peaks,1,2,9.0,-0.42647058823529405,0.9040231111355109,200,1
peaks,1,2,9.400000000000002,-0.45544554455445546,1.1704544967858315,200,1
peaks,1,2,9.8,-0.513888888888889,1.159950908922922,200,1
peaks,1,3,-0.9999999999999999,0.09999999999999999,3.1288975694324055,200,1
peaks,1,3,-0.5999999999999999,-0.03223174214606283,0.2636606105372401,200,1
peaks,1,3,-0.19999999999999996,-0.009900523868385426,0.050036644982560094,200,1
peaks,1,3,0.20000000000000018,-0.00016145671505048807,0.013410260297962533,200,1
peaks,1,3,0.6000000000000003,0.007047692065255414,0.005958993284401573,200,1
peaks,1,3,1.0000000000000002,0.010654555839814145,0.004008577047694415,200,1
peaks,1,3,1.4000000000000001,0.010637200357745432,0.0030839397277018835,200,1
peaks,1,3,1.8,0.006311627918767363,0.003373721052417847,200,1
peaks,1,3,2.2,-0.003126206905447552,0.004267331176589703,200,1
peaks,1,3,2.6000000000000005,-0.019302896915384598,0.00648093955277459,200,1
peaks,1,3,3.0000000000000004,-0.04409692760847713,0.00917449582685276,200,1
peaks,1,3,3.4000000000000004,-0.07859817465975581,0.014404714284479552,200,1
peaks,1,3,3.8000000000000003,-0.12384285307974824,0.02205865210486451,200,1
peaks,1,3,4.2,-0.17824495784094024,0.028989665357611872,200,1
peaks,1,3,4.6000000000000005,-0.21472964911329245,0.040931123405313984,200,1
peaks,1,3,5.0,-0.2562083585705633,0.05712959723279604,200,1
peaks,1,3,5.4,-0.2692089995754917,0.07855184471825753,200,1
peaks,1,3,5.800000000000001,-0.2911613805970149,0.09738107602679995,200,1
peaks,1,3,6.2,-0.3076705616283452,0.10716862928117873,200,1
peaks,1,3,6.6000000000000005,-0.2942654448714159,0.13744203270330588,200,1
peaks,1,3,7.000000000000001,-0.3077280111394755,0.20187778429537653,200,1
peaks,1,3,7.400000000000001,-0.29615384615384616,0.2305654429713856,200,1
peaks,1,3,7.800000000000001,-0.3599033816425121,0.2408565041386565,200,1
peaks,1,3,8.2,-0.33358153387937456,0.3389164596558526,200,1
peaks,1,3,8.600000000000001,-0.289532293986637,0.44229966079069777,200,1
peaks,1,3,9.0,-0.3323262839879154,0.4656783902243195,200,1
peaks,1,3,9.400000000000002,-0.38307349665924273,0.5681295771323802,200,1
peaks,1,3,9.8,-0.3493589743589744,0.632889066124328,200,1
peaks,1,4,-1.4,0.0,14.106735979665913,200,1
peaks,1,4,-0.9999999999999999,-0.1276595744680851,1.8202373252754522,200,1
peaks,1,4,-0.5999999999999999,-0.022855606345791882,0.21825546110123742,200,1
peaks,1,4,-0.19999999999999996,-0.010679573981027023,0.04456435147235857,200,1
peaks,1,4,0.20000000000000018,8.767283420701748e-05,0.012686850347353824,200,1
peaks,1,4,0.6000000000000003,0.00840124558703435,0.006159984974336631,200,1
peaks,1,4,1.0000000000000002,0.01185860198832843,0.004180057042450956,200,1
peaks,1,4,1.4000000000000001,0.01171318960594449,0.003479932081667025,200,1
peaks,1,4,1.8,0.007601492380086806,0.0032915033924776974,200,1
peaks,1,4,2.2,-0.0019226531821755063,0.003860287773790641,200,1
peaks,1,4,2.6000000000000005,-0.01717943572751891,0.005490376355578381,200,1
peaks,1,4,3.0000000000000004,-0.03971154444991668,0.008637304732637213,200,1
peaks,1,4,3.4000000000000004,-0.07080264950993238,0.013203221814743938,200,1
peaks,1,4,3.8000000000000003,-0.10923044835424334,0.01896092020938618,200,1
peaks,1,4,4.2,-0.1512951585695624,0.02745323735922737,200,1
peaks,1,4,4.6000000000000005,-0.18632542125902699,0.03814304313489113,200,1
peaks,1,4,5.0,-0.21817212411246067,0.047011285835348936,200,1
peaks,1,4,5.4,-0.24872454738362906,0.0666154692344504,200,1
peaks,1,4,5.800000000000001,-0.24914017914509243,0.08018554468121951,200,1
peaks,1,4,6.2,-0.27050014974543274,0.10034613853070974,200,1
peaks,1,4,6.6000000000000005,-0.2644185609618636,0.12273281625455965,200,1
peaks,1,4,7.000000000000001,-0.2954578226387888,0.15050399129482156,200,1
peaks,1,4,7.400000000000001,-0.30241672109732204,0.172809778837964,200,1
peaks,1,4,7.800000000000001,-0.27625201938610666,0.23236387200471992,200,1
peaks,1,4,8.2,-0.29981464318813716,0.2606055966237475,200,1
peaks,1,4,8.600000000000001,-0.3277591973244148,0.321470625484865,200,1
peaks,1,4,9.0,-0.2846371347785109,0.38321808905249494,200,1
peaks,1,4,9.400000000000002,-0.29971181556195964,0.4327662933017007,200,1
peaks,1,4,9.8,-0.3326732673267327,0.5481644518284695,200,1
peaks,2,1,-1.8,0.11111111111111112,4.843221048378526,200,1
peaks,2,1,-1.4,-0.047619047619047616,0.9405004754285899,200,1
peaks,2,1,-0.9999999999999999,-0.01595298068849706,0.2832630308999399,200,1
peaks,2,1,-0.5999999999999999,-0.007889546351084813,0.11583219114566388,200,1
peaks,2,1,-0.19999999999999996,-0.002669352807856963,0.052023710994956444,200,1
peaks,2,1,0.20000000000000018,-9.321981231744453e-05,0.027856372710397426,200,1
peaks,2,1,0.6000000000000003,0.001804054054054054,0.017792332928257302,200,1
peaks,2,1,1.0000000000000002,0.00247111136286394,0.014682959462669218,200,1
peaks,2,1,1.4000000000000001,0.00266780329644121,0.014093609407167721,200,1
peaks,2,1,1.8,0.0023462227474808214,0.011142410307684356,200,1
peaks,2,1,2.2,0.0013189531542386163,0.014174120744127498,200,1
peaks,2,1,2.6000000000000005,-0.0014953146806672426,0.01635370344978004,200,1
peaks,2,1,3.0000000000000004,-0.005767804996141683,0.02319595735626473,200,1
peaks,2,1,3.4000000000000004,-0.012099996902202535,0.03527600919727576,200,1
peaks,2,1,3.8000000000000003,-0.02671786689742827,0.056339198636820055,200,1
peaks,2,1,4.2,-0.04417954378219279,0.07909279474921027,200,1
peaks,2,1,4.6000000000000005,-0.059388754571942225,0.11230509562018087,200,1
peaks,2,1,5.0,-0.07495387453874539,0.1551007643647216,200,1
peaks,2,1,5.4,-0.11528574253509986,0.18685911792278043,200,1
peaks,2,1,5.800000000000001,-0.13979526551503518,0.2411525341694409,200,1
peaks,2,1,6.2,-0.11585993820803295,0.30171342426063474,200,1
peaks,2,1,6.6000000000000005,-0.1210762331838565,0.3397302892878146,200,1
peaks,2,1,7.000000000000001,-0.12605042016806722,0.4676151581832016,200,1
peaks,2,1,7.400000000000001,-0.22121212121212122,0.452023305671869,200,1
peaks,2,1,7.800000000000001,-0.22698072805139188,0.5676699512062982,200,1
peaks,2,1,8.2,-0.1019108280254777,0.7857663131828821,200,1
peaks,2,1,8.600000000000001,-0.12396694214876033,0.8771239114989496,200,1
peaks,2,1,9.0,-0.15873015873015872,0.8872339090714643,200,1
peaks,2,1,9.400000000000002,-0.222972972972973,1.1179318991739386,200,1
peaks,2,1,9.8,-0.14035087719298248,1.2026184625693923,200,1
peaks,2,2,-1.8,-0.01388888888888889,1.4932331935670204,200,1
peaks,2,2,-1.4,-0.003067484662576687,0.5842330354215003,200,1
peaks,2,2,-0.9999999999999999,-0.015965480043149946,0.21186129176031665,200,1
peaks,2,2,-0.5999999999999999,-0.0070482699700982485,0.09574446494672163,200,1
peaks,2,2,-0.19999999999999996,-0.002985627328905039,0.04523362820141078,200,1
peaks,2,2,0.20000000000000018,0.00011417069787896215,0.028606399538133567,200,1
peaks,2,2,0.6000000000000003,0.002296106178132283,0.021445667054298935,200,1
peaks,2,2,1.0000000000000002,0.002942722284710285,0.015750011247264183,200,1
peaks,2,2,1.4000000000000001,0.0034349228113951347,0.01426494247101777,200,1
peaks,2,2,1.8,0.003535177464756269,0.013299176595201042,200,1
peaks,2,2,2.2,0.0017325135783408233,0.015031671843950994,200,1
peaks,2,2,2.6000000000000005,-0.0001783182671590805,0.016317878824615602,200,1
peaks,2,2,3.0000000000000004,-0.003421703311933828,0.017385598519380662,200,1
peaks,2,2,3.4000000000000004,-0.007678016778426079,0.026152631931640358,200,1
peaks,2,2,3.8000000000000003,-0.01939580430163124,0.0334172612376654,200,1
peaks,2,2,4.2,-0.024181468007703828,0.04463637780405742,200,1
peaks,2,2,4.6000000000000005,-0.0342273256514233,0.05962388499068696,200,1
peaks,2,2,5.0,-0.046615914068203146,0.08324422492189552,200,1
peaks,2,2,5.4,-0.07146108329540282,0.10133198389118428,200,1
peaks,2,2,5.800000000000001,-0.06888138138138138,0.13756099137626365,200,1
peaks,2,2,6.2,-0.07942028985507248,0.16273858771387603,200,1
peaks,2,2,6.6000000000000005,-0.11657363675397166,0.1790749859662735,200,1
peaks,2,2,7.000000000000001,-0.08322663252240718,0.23169402379037177,200,1
peaks,2,2,7.400000000000001,-0.1421612046058459,0.2662494762190304,200,1
peaks,2,2,7.800000000000001,-0.08735332464146024,0.34123213372366107,200,1
peaks,2,2,8.2,-0.10614035087719298,0.3563595816464172,200,1
peaks,2,2,8.600000000000001,-0.12573443008225618,0.4845924402568156,200,1
peaks,2,2,9.0,-0.19069767441860463,0.46901723298173625,200,1
peaks,2,2,9.400000000000002,-0.11159737417943107,0.6030977558980598,200,1
peaks,2,2,9.8,-0.10354223433242507,0.6445682483678286,200,1
peaks,2,3,-1.8,-0.00404040404040404,0.6179011708626002,200,1
peaks,2,3,-1.4,-0.016209957545349284,0.28954045034781395,200,1
peaks,2,3,-0.9999999999999999,-0.007584485407066053,0.13960993537611946,200,1
peaks,2,3,-0.5999999999999999,-0.006083627622637029,0.07554298131742625,200,1
peaks,2,3,-0.19999999999999996,-0.002035571324599709,0.04830845856837404,200,1
peaks,2,3,0.20000000000000018,-1.0488997042102834e-05,0.03381531454642821,200,1
peaks,2,3,0.6000000000000003,0.0022405194729221817,0.024363425480102906,200,1
peaks,2,3,1.0000000000000002,0.0023632862991129476,0.018431587104469564,200,1
peaks,2,3,1.4000000000000001,0.0035511468944145422,0.018038011466129756,200,1
peaks,2,3,1.8,0.0028936441864176633,0.017883324394550076,200,1
peaks,2,3,2.2,0.0023987328631625408,0.01695153639071007,200,1
peaks,2,3,2.6000000000000005,0.0020136124235706526,0.016459535081834734,200,1
peaks,2,3,3.0000000000000004,-0.0005694800490414623,0.01747086601770528,200,1
peaks,2,3,3.4000000000000004,-0.002032441947242707,0.020339653103372397,200,1
peaks,2,3,3.8000000000000003,-0.0050139641243837985,0.022650621688486482,200,1
peaks,2,3,4.2,-0.011301430337277062,0.029615478834992538,200,1
peaks,2,3,4.6000000000000005,-0.013632351058309804,0.03822164248838329,200,1
peaks,2,3,5.0,-0.017609669688444303,0.04416867535017678,200,1
peaks,2,3,5.4,-0.027813422302065953,0.0531753198032638,200,1
peaks,2,3,5.800000000000001,-0.0359528243327126,0.07029047252355089,200,1
peaks,2,3,6.2,-0.03495592180912227,0.0890576358178453,200,1
peaks,2,3,6.6000000000000005,-0.05894452280206864,0.10307132928623237,200,1
peaks,2,3,7.000000000000001,-0.05131860299358518,0.1287934858390962,200,1
peaks,2,3,7.400000000000001,-0.07024198822759974,0.1651421559350216,200,1
peaks,2,3,7.800000000000001,-0.07211069966868057,0.1915795972552817,200,1
peaks,2,3,8.2,-0.08005502063273728,0.21788170563961498,200,1
peaks,2,3,8.600000000000001,-0.11720599842146805,0.24721512781833344,200,1
peaks,2,3,9.0,-0.05459459459459459,0.3361792801472038,200,1
peaks,2,3,9.400000000000002,-0.11095100864553313,0.3679602960375035,200,1
peaks,2,3,9.8,-0.11222444889779559,0.42535512719253665,200,1
peaks,2,4,-1.8,-0.01087866108786611,0.4384138673331904,200,1
peaks,2,4,-1.4,-0.02138447971781305,0.22416190625332408,200,1
peaks,2,4,-0.9999999999999999,-0.0038077448092535384,0.11441167855747607,200,1
peaks,2,4,-0.5999999999999999,-0.003851091142490372,0.07358640363520028,200,1
peaks,2,4,-0.19999999999999996,-0.0018154531371030209,0.051438442608203544,200,1
peaks,2,4,0.20000000000000018,0.0006188621687680892,0.03773691526970003,200,1
peaks,2,4,0.6000000000000003,0.0007961724472489464,0.02910171877191052,200,1
peaks,2,4,1.0000000000000002,0.0019211142462628324,0.024103851549453693,200,1
peaks,2,4,1.4000000000000001,0.0027022401399612065,0.018814163604388704,200,1
peaks,2,4,1.8,0.0025652845508730214,0.019066482341858176,200,1
peaks,2,4,2.2,0.002952323534668973,0.017828283363118272,200,1
peaks,2,4,2.6000000000000005,0.0018232940950099156,0.018021866612277542,200,1
peaks,2,4,3.0000000000000004,0.0008351436652047383,0.0183913880575864,200,1
peaks,2,4,3.4000000000000004,-0.0009896250936609465,0.020616390305618727,200,1
peaks,2,4,3.8000000000000003,-0.0022358817522874406,0.021269214176637744,200,1
peaks,2,4,4.2,-0.004633862385140068,0.026281233778318425,200,1
peaks,2,4,4.6000000000000005,-0.0069685156341439255,0.030042391567243015,200,1
peaks,2,4,5.0,-0.010595658056114,0.03412399822859672,200,1
peaks,2,4,5.4,-0.015462742631036717,0.040574672317935365,200,1
peaks,2,4,5.800000000000001,-0.020998218901075356,0.052512583062361735,200,1
peaks,2,4,6.2,-0.024226404594868533,0.05791215061923442,200,1
peaks,2,4,6.6000000000000005,-0.02993976262897358,0.07199963475544345,200,1
peaks,2,4,7.000000000000001,-0.04024973432518597,0.09135436008932532,200,1
peaks,2,4,7.400000000000001,-0.04811674225990929,0.10416676056432933,200,1
peaks,2,4,7.800000000000001,-0.044944915667349136,0.13545701439947175,200,1
peaks,2,4,8.2,-0.06377440347071583,0.16389998999697658,200,1
peaks,2,4,8.600000000000001,-0.06940928270042195,0.20210034508775856,200,1
peaks,2,4,9.0,-0.0699588477366255,0.26051929316578076,200,1
peaks,2,4,9.400000000000002,-0.08985024958402663,0.2853759277806103,200,1
peaks,2,4,9.8,-0.07600950118764846,0.34219117919837416,200,1
peaks,3,1,-1.8,0.14285714285714285,3.875617133214432,200,1
peaks,3,1,-1.4,-0.03825136612021858,1.0226612078941713,200,1
peaks,3,1,-0.9999999999999999,-0.006642066420664206,0.3909934961083016,200,1
peaks,3,1,-0.5999999999999999,-0.002300966405890474,0.16059097171791745,200,1
peaks,3,1,-0.19999999999999996,-0.0013128917499576486,0.09268889044240343,200,1
peaks,3,1,0.20000000000000018,0.00010947592311662316,0.053323066153366246,200,1
peaks,3,1,0.6000000000000003,-6.077780394599892e-05,0.03990549921502729,200,1
peaks,3,1,1.0000000000000002,0.0015098306218495428,0.030949460653438152,200,1
peaks,3,1,1.4000000000000001,0.0018655800481123279,0.028391358140894066,200,1
peaks,3,1,1.8,0.0012533170634891466,0.02819095788011789,200,1
peaks,3,1,2.2,0.0010820205669106182,0.029499839460572,200,1
peaks,3,1,2.6000000000000005,0.00025276025689633384,0.03397877373153957,200,1
peaks,3,1,3.0000000000000004,-0.0019737247887497687,0.041664281891355154,200,1
peaks,3,1,3.4000000000000004,-0.0036014048455265193,0.05624052022369123,200,1
peaks,3,1,3.8000000000000003,-0.01196429531644889,0.0727495117293357,200,1
peaks,3,1,4.2,-0.012063269596556212,0.10117848933381844,200,1
peaks,3,1,4.6000000000000005,-0.014162968558209801,0.13707851380823646,200,1
peaks,3,1,5.0,-0.030761472516389308,0.19420986570088847,200,1
peaks,3,1,5.4,-0.03881541115583669,0.23318530634658954,200,1
peaks,3,1,5.800000000000001,-0.01525989508822127,0.36814218930016673,200,1
peaks,3,1,6.2,-0.06564551422319474,0.3443167462555752,200,1
peaks,3,1,6.6000000000000005,-0.03864734299516909,0.47637847480661066,200,1
peaks,3,1,7.000000000000001,-0.08176100628930817,0.5395258742457653,200,1
peaks,3,1,7.400000000000001,-0.038374717832957116,0.6731405740627975,200,1
peaks,3,1,7.800000000000001,-0.09734513274336283,0.8362402636048486,200,1
peaks,3,1,8.2,-0.004694835680751174,0.9230577072258795,200,1
peaks,3,1,8.600000000000001,-0.17575757575757575,1.0268033253113886,200,1
peaks,3,1,9.0,-0.1322314049586777,1.1080237750241257,200,1
peaks,3,1,9.400000000000002,0.0975609756097561,1.6132629945515802,200,1
peaks,3,1,9.8,-0.16483516483516483,1.346949753498422,200,1
peaks,3,2,-1.8,0.01282051282051282,1.1860879957776354,200,1
peaks,3,2,-1.4,-0.006553079947575361,0.5239776506445746,200,1
peaks,3,2,-0.9999999999999999,-0.01274740020127474,0.25506957852724926,200,1
peaks,3,2,-0.5999999999999999,0.0025005435964340073,0.15041654177964306,200,1
peaks,3,2,-0.19999999999999996,-0.0022736842105263158,0.09017984124688297,200,1
peaks,3,2,0.20000000000000018,0.00015777225574882658,0.062068032024858034,200,1
peaks,3,2,0.6000000000000003,0.0003100260200409678,0.04772295546439975,200,1
peaks,3,2,1.0000000000000002,0.0014336337837639135,0.03690192291853114,200,1
peaks,3,2,1.4000000000000001,0.001628581027600462,0.03472575926413556,200,1
peaks,3,2,1.8,0.000885582713425434,0.030406145839629785,200,1
peaks,3,2,2.2,0.001653018279542631,0.03031813248002895,200,1
peaks,3,2,2.6000000000000005,0.000689365279529214,0.03395168454085236,200,1
peaks,3,2,3.0000000000000004,-0.00014345732144686955,0.034603829735281845,200,1
peaks,3,2,3.4000000000000004,-0.001130013880485461,0.038405792382810174,200,1
peaks,3,2,3.8000000000000003,-0.0024017144546260717,0.05017662424568465,200,1
peaks,3,2,4.2,-0.004140638943423166,0.05332454796613668,200,1
peaks,3,2,4.6000000000000005,-0.005862263694301773,0.07030903254792134,200,1
peaks,3,2,5.0,-0.011558307533539732,0.09117832488391675,200,1
peaks,3,2,5.4,-0.017106803694549238,0.10347409909984576,200,1
peaks,3,2,5.800000000000001,-0.009261143903928354,0.13129519486505867,200,1
peaks,3,2,6.2,-0.02357320099255583,0.1528674947761025,200,1
peaks,3,2,6.6000000000000005,-0.0255729794933655,0.22141317087271797,200,1
peaks,3,2,7.000000000000001,-0.04271262645185462,0.27414508869784193,200,1
peaks,3,2,7.400000000000001,-0.017172295363480253,0.3359762988969481,200,1
peaks,3,2,7.800000000000001,-0.0340531561461794,0.3838889839243305,200,1
peaks,3,2,8.2,-0.03682393555811277,0.441549964793952,200,1
peaks,3,2,8.600000000000001,-0.07872696817420435,0.5419996545180381,200,1
peaks,3,2,9.0,-0.06921241050119331,0.666123424198227,200,1
peaks,3,2,9.400000000000002,-0.04281345565749236,0.7604232422631836,200,1
peaks,3,2,9.8,-0.0205761316872428,0.8205311395138855,200,1
peaks,3,3,-1.8,0.02045454545454545,0.4799653482671327,200,1
peaks,3,3,-1.4,-0.007992895204262877,0.30855673710999026,200,1
peaks,3,3,-0.9999999999999999,-0.0026,0.20345328702186158,200,1
peaks,3,3,-0.5999999999999999,-0.004910456383593299,0.15105076504304302,200,1
peaks,3,3,-0.19999999999999996,-0.0022829865615109223,0.10230055822021426,200,1
peaks,3,3,0.20000000000000018,-0.0016008373610811812,0.08277785869741104,200,1
peaks,3,3,0.6000000000000003,0.0009167912306925761,0.06035067156295542,200,1
peaks,3,3,1.0000000000000002,0.0008381515207478016,0.05021378341072447,200,1
peaks,3,3,1.4000000000000001,0.0009830478853547712,0.04280693596782022,200,1
peaks,3,3,1.8,0.0002715571084599091,0.041220250140793245,200,1
peaks,3,3,2.2,0.000997765006385696,0.03887855843718689,200,1
peaks,3,3,2.6000000000000005,0.001296801725047876,0.04052150420467215,200,1
peaks,3,3,3.0000000000000004,0.00012745730180389571,0.037891459744882595,200,1
peaks,3,3,3.4000000000000004,0.0003162705378180496,0.03729395276935748,200,1
peaks,3,3,3.8000000000000003,0.0004847771323701274,0.04133087245945517,200,1
peaks,3,3,4.2,-0.0005587261044817816,0.044557580227533575,200,1
peaks,3,3,4.6000000000000005,-0.0007729721373274192,0.04351992969485775,200,1
peaks,3,3,5.0,-0.002026807113057372,0.053182160949200266,200,1
peaks,3,3,5.4,-0.002336885399140026,0.054980631399893856,200,1
peaks,3,3,5.800000000000001,-0.003549658498372053,0.06973256562224783,200,1
peaks,3,3,6.2,-0.00756513516157433,0.08235252551651757,200,1
peaks,3,3,6.6000000000000005,-0.0047167712365950255,0.08038127151965865,200,1
peaks,3,3,7.000000000000001,-0.009114822291551966,0.10100814730468108,200,1
peaks,3,3,7.400000000000001,-0.0073997590776114265,0.13580478065961715,200,1
peaks,3,3,7.800000000000001,-0.011948858883976581,0.1613157462659709,200,1
peaks,3,3,8.2,-0.02288791652642208,0.1764406302684381,200,1
peaks,3,3,8.600000000000001,-0.01490026435952896,0.20244580485168132,200,1
peaks,3,3,9.0,-0.0028429282160625444,0.26611292549364735,200,1
peaks,3,3,9.400000000000002,-0.02885572139303482,0.32261523842582657,200,1
peaks,3,3,9.8,-0.024303073624017155,0.3676687240292847,200,1
peaks,3,4,-1.8,0.0007429420505200594,0.40241886683706446,200,1
peaks,3,4,-1.4,-0.0035816618911174783,0.2741962776130003,200,1
peaks,3,4,-0.9999999999999999,0.0016495601173020526,0.20080943272351692,200,1
peaks,3,4,-0.5999999999999999,-0.00277235855837355,0.1486646776468929,200,1
peaks,3,4,-0.19999999999999996,-0.001221075767751389,0.11894241698603002,200,1
peaks,3,4,0.20000000000000018,-0.0016332058636073933,0.09336388408121651,200,1
peaks,3,4,0.6000000000000003,0.001396227448189011,0.06850117124662469,200,1
peaks,3,4,1.0000000000000002,7.9827572443522e-05,0.0675824678872665,200,1
peaks,3,4,1.4000000000000001,0.0008598452278589855,0.054001471243633595,200,1
peaks,3,4,1.8,-0.0005616084465910367,0.05310239353991182,200,1
peaks,3,4,2.2,0.00042972400975473503,0.044798948288588845,200,1
peaks,3,4,2.6000000000000005,0.0015528854552866046,0.04162844209799319,200,1
peaks,3,4,3.0000000000000004,0.0006034065039907113,0.04107931438663274,200,1
peaks,3,4,3.4000000000000004,0.00035776895281027513,0.042230438578039105,200,1
peaks,3,4,3.8000000000000003,0.0001828019888856391,0.04078862543515062,200,1
peaks,3,4,4.2,-0.0003389502227387178,0.042085102192381194,200,1
peaks,3,4,4.6000000000000005,-0.0001575249677073816,0.04578091730441686,200,1
peaks,3,4,5.0,0.0007856020568490216,0.04675815263274485,200,1
peaks,3,4,5.4,-0.001763061114860677,0.05098222745890831,200,1
peaks,3,4,5.800000000000001,-0.0012264521193092622,0.05530468610005702,200,1
peaks,3,4,6.2,-0.002197977860368461,0.062045748764488276,200,1
peaks,3,4,6.6000000000000005,-0.002611609342662856,0.068688185365211,200,1
peaks,3,4,7.000000000000001,-0.003307503307503308,0.07892702982309575,200,1
peaks,3,4,7.400000000000001,-0.004997728305315765,0.09121538646621657,200,1
peaks,3,4,7.800000000000001,-0.005713980561785753,0.0991754166175091,200,1
peaks,3,4,8.2,-0.00750920940776424,0.12393635864940383,200,1
peaks,3,4,8.600000000000001,-0.011872323861424679,0.1406545727458043,200,1
peaks,3,4,9.0,-0.004384833634253288,0.14572552893294338,200,1
peaks,3,4,9.400000000000002,-0.005172106295701801,0.19270849708228333,200,1
peaks,3,4,9.8,-0.021838252939764817,0.21997536185840774,200,1
